"team_id","totalfgm","totalfga","totalfgm3","totalfga3","totalftm","totalfta","totalor","totaldr","totalast","totalto","totalstl","totalblk","totalpf","totalwins","totallosses","totalpt","totalptagainst","fgPer","fg3Per","ftPer","wlRat","ptRat"
1101,427,1053,140,375,332,445,168,427,210,315,121,31,453,2,19,1326,1651,0.405508072174739,0.373333333333333,0.746067415730337,0.105263157894737,0.803149606299213
1102,7171,15656,2567,6983,4053,5795,2196,6743,4616,4040,2177,708,5830,175,165,20962,20488,0.458035258048033,0.367607045682371,0.69939603106126,1.06060606060606,1.02313549394768
1103,9316,20751,2646,7403,5485,8021,4305,8451,5297,4968,2611,1311,7166,247,128,26763,24767,0.448942219652065,0.35742266648656,0.683829946390724,1.9296875,1.08059110913716
1104,9137,20442,2140,6225,5337,7625,4437,8933,4597,4870,2592,1627,6302,218,151,25751,24158,0.446971920555719,0.343775100401606,0.699934426229508,1.44370860927152,1.06594088914645
1105,7070,17886,1728,5620,4692,7179,3818,7372,3635,4994,2421,1368,6349,115,199,20560,22052,0.395281225539528,0.307473309608541,0.653572921019641,0.577889447236181,0.932341737710865
1106,7811,19106,1959,6250,4745,7477,4374,8049,4065,5299,2367,1194,6816,165,186,22326,23023,0.408824453051397,0.31344,0.634612812625384,0.887096774193548,0.969725926247665
1107,8557,19855,2297,6486,4990,6896,4151,8685,4453,5176,2193,929,6614,183,188,24401,24473,0.430974565600604,0.354147394387912,0.72360788863109,0.973404255319149,0.997057982266171
1108,7828,19537,1765,5635,4985,7629,3850,7873,3588,6076,2440,1049,7342,90,261,22406,26107,0.400675641091263,0.313220940550133,0.653427710053742,0.344827586206897,0.858237254376221
1109,0,0,0,0,0,0,0,0,0,0,0,0,0,0,0,0,0,NA,NA,NA,NA,NA
1110,8274,18787,2427,6585,4636,6595,3551,8667,4868,4927,1962,961,6500,206,160,23611,23108,0.440410922446372,0.368564920273349,0.702956785443518,1.2875,1.02176735329756
1111,8615,19472,2395,6792,4939,7159,3981,8141,4397,5114,2441,1268,6441,165,178,24564,24827,0.442430156121611,0.352620730270907,0.689900824137449,0.926966292134832,0.989406694324727
1112,10087,21757,2487,6684,6129,8402,4492,9277,5765,5033,2538,1351,6328,269,111,28790,25821,0.463620903617227,0.372082585278276,0.729469174006189,2.42342342342342,1.1149839278107
1113,8744,19445,2498,7055,5270,7575,3716,8602,5326,4910,2225,1337,6589,193,174,25256,24378,0.449678580611983,0.354075124025514,0.695709570957096,1.10919540229885,1.0360160800722
1114,7810,18398,1885,5435,5599,8073,3916,8000,4125,5061,2113,1032,6972,177,171,23104,23621,0.424502663332971,0.346826126954922,0.693546389198563,1.03508771929825,0.978112696329537
1115,7521,19200,1707,5645,4338,6789,3933,8202,3914,5792,2606,1196,6954,117,235,21087,24157,0.39171875,0.302391496899911,0.6389748121962,0.497872340425532,0.872914683114625
1116,9539,21610,2357,6922,5572,8195,4512,8683,5157,5156,2911,1842,7047,208,165,27007,25493,0.441416011105969,0.340508523548107,0.679926784624771,1.26060606060606,1.05938885184168
1117,8326,19044,2179,6071,5164,7475,3924,8099,4179,4819,2193,994,6439,162,183,23995,24055,0.43719806763285,0.358919453137869,0.690836120401338,0.885245901639344,0.997505716067346
1118,0,0,0,0,0,0,0,0,0,0,0,0,0,0,0,0,0,NA,NA,NA,NA,NA
1119,7172,17243,2137,6133,3948,5627,2948,7390,4182,5127,2114,759,6433,112,223,20429,22376,0.415936901931218,0.3484428501549,0.701617202772348,0.502242152466368,0.912987129066857
1120,8909,20515,2422,7326,4905,7386,4291,8280,4889,5216,2815,1359,6953,172,192,25145,25215,0.434267609066537,0.330603330603331,0.664094232331438,0.895833333333333,0.997223874677771
1121,0,0,0,0,0,0,0,0,0,0,0,0,0,0,0,0,0,NA,NA,NA,NA,NA
1122,8840,19629,2166,6161,5648,8188,3888,8104,4867,5152,2588,1286,6500,189,172,25494,25636,0.45035406796067,0.351566304171401,0.689789936492428,1.09883720930233,0.99446091433921
1123,7701,18453,1811,5461,5117,7505,3994,7831,4030,4763,2041,816,6724,140,208,22330,23199,0.417330515363356,0.331624244643838,0.681812125249833,0.673076923076923,0.962541488857278
1124,8770,19627,2571,7140,5128,7250,4181,8123,4592,4843,2382,1460,6325,192,158,25239,24256,0.44683344372548,0.360084033613445,0.707310344827586,1.21518987341772,1.04052605540897
1125,9790,21007,3353,9113,5383,7626,4055,8799,5936,5424,2953,995,7081,257,113,28316,25533,0.466035131146761,0.367935915724789,0.705874639391555,2.27433628318584,1.10899620099479
1126,7865,18998,1854,5673,4514,6887,3985,7495,3943,5141,2592,919,6926,138,222,22098,23880,0.413990946415412,0.326811210999471,0.655437781327138,0.621621621621622,0.925376884422111
1127,7706,19014,2151,6648,4462,6508,3893,7987,3762,5010,2262,1144,6608,135,219,22025,23684,0.405280319764384,0.3235559566787,0.685617701290719,0.616438356164384,0.929952710690762
1128,2368,5235,808,2154,1629,2309,1113,2376,1355,1513,685,283,2004,67,39,7173,6839,0.452340019102197,0.375116063138347,0.705500216543958,1.71794871794872,1.04883754934932
1129,9275,20717,2550,7217,5134,7302,3944,8559,4967,4942,2321,978,6630,200,161,26234,25479,0.447699956557417,0.353332409588472,0.703095042454122,1.24223602484472,1.02963224616351
1130,9248,20378,2322,6651,5695,8074,4305,8515,5558,4879,2172,1390,6199,213,161,26513,25845,0.453822750024536,0.349120433017591,0.705350507802824,1.32298136645963,1.02584639195202
1131,8402,19810,2586,7441,4713,6727,3967,8611,4598,4756,2407,1143,6674,215,151,24103,23033,0.424129227662797,0.347533933611074,0.700609484168277,1.42384105960265,1.0464550861807
1132,8195,18691,1934,5702,4568,6576,3591,8017,4698,5165,2416,1269,6934,151,202,22892,23811,0.438446311058798,0.339179235356015,0.694647201946472,0.747524752475248,0.961404392927638
1133,8826,20435,2311,6669,5312,7441,3895,8527,4773,5025,2780,1072,7046,176,195,25275,25436,0.431906043552728,0.346528714949768,0.713882542668996,0.902564102564103,0.993670388425853
1134,0,0,0,0,0,0,0,0,0,0,0,0,0,0,0,0,0,NA,NA,NA,NA,NA
1135,7493,17349,2287,6475,4766,6794,2918,7892,4480,4697,2147,1047,5636,143,191,22039,22894,0.431898092109055,0.353204633204633,0.701501324698263,0.74869109947644,0.962653970472613
1136,4078,9611,1212,3695,2132,3109,1699,4018,2295,2485,988,446,3260,55,124,11500,12916,0.424305483300385,0.328010825439783,0.685751045352203,0.443548387096774,0.890368535150201
1137,8237,18806,2230,6192,5082,7128,3447,8835,4711,4907,2121,963,6536,218,147,23786,22650,0.437998511113474,0.360142118863049,0.712962962962963,1.48299319727891,1.05015452538631
1138,8842,20227,2198,6388,5282,7646,4600,8477,4973,5497,2561,1211,7205,186,172,25164,24852,0.437138478271617,0.344082654978084,0.690818728747057,1.08139534883721,1.01255432158378
1139,8408,19059,2779,7865,5129,7174,3509,8039,4530,4052,2167,855,6592,255,112,24724,22472,0.441156409045595,0.35333757151939,0.714942849177586,2.27678571428571,1.1002135991456
1140,9943,21353,2554,6846,5972,8308,4115,9620,5665,4770,2661,1271,7009,265,106,28412,25231,0.465648854961832,0.373064563248612,0.718825228695233,2.5,1.12607506638659
1141,7934,18898,2359,6885,4960,7212,3950,7334,3947,5366,2491,972,7474,128,223,23187,24886,0.419832786538258,0.342628903413217,0.687742651136994,0.573991031390135,0.931728682793538
1142,7920,18871,2368,6953,4440,6353,3765,7714,4113,4406,2107,879,6374,142,201,22648,23605,0.419691590270786,0.340572414784985,0.698882417755391,0.706467661691542,0.959457742003813
1143,9616,20914,2080,5803,5434,7603,3973,8967,5465,4730,1964,1108,6335,224,148,26746,25444,0.459787702017787,0.358435292090298,0.714717874523215,1.51351351351351,1.05117119949693
1144,8417,19332,2070,6083,4953,7275,4041,7728,4889,5408,2514,1040,6821,116,225,23857,25703,0.435392096006621,0.340292618773631,0.680824742268041,0.515555555555556,0.928179589931136
1145,8975,20972,2536,7305,4531,6585,4402,8537,4783,5254,2383,1279,6818,143,220,25017,26087,0.427951554453557,0.34715947980835,0.688078967350038,0.65,0.95898340169433
1146,4925,12039,1208,3761,2928,4542,2499,4776,2340,3151,1383,773,4193,53,157,13986,15804,0.409087133482847,0.321191172560489,0.644649933949802,0.337579617834395,0.88496583143508
1147,5725,13420,1520,4345,3568,5057,2455,4977,3055,3955,1892,632,5322,63,186,16538,18980,0.426602086438152,0.349827387802071,0.705556654142772,0.338709677419355,0.871338250790306
1148,8732,19870,2178,6160,4825,6656,4190,7924,4714,5030,2363,1093,5769,175,180,24467,24570,0.439456467035732,0.353571428571429,0.724909855769231,0.972222222222222,0.995807895807896
1149,7719,18218,2180,6340,3836,5604,3690,7393,3879,4489,2262,911,5903,116,204,21454,22677,0.42370183335163,0.34384858044164,0.684511063526053,0.568627450980392,0.946068703973189
1150,8818,21044,2571,7687,5560,8248,4772,8855,4874,5085,2627,1077,6759,198,166,25767,25451,0.419026800988405,0.334460777936776,0.674102812803104,1.19277108433735,1.01241601508782
1151,8509,19571,2455,7386,5526,8204,4199,8809,4725,5425,2168,810,6283,172,178,24999,25662,0.434775943998774,0.332385594367723,0.673573866406631,0.966292134831461,0.974164133738602
1152,8245,19806,1996,6058,4564,6806,4127,7331,4120,5192,2675,1015,7269,97,247,23050,26170,0.416287993537312,0.329481677121162,0.670584778136938,0.392712550607287,0.880779518532671
1153,9293,21934,2460,7420,5199,7719,5081,8996,5100,4636,2545,1653,6800,241,137,26245,24030,0.423680131303,0.331536388140162,0.673532841041586,1.75912408759124,1.09217644610903
1154,7163,17428,2064,6186,3834,5639,3378,7114,3828,4664,1942,696,5879,81,246,20224,23258,0.411005278861602,0.333656644034918,0.679907785068275,0.329268292682927,0.869550262275346
1155,9340,21060,2291,6785,4785,7353,4821,8354,4914,5218,3065,1783,6572,216,151,25756,23906,0.44349477682811,0.337656595431098,0.650754793961648,1.43046357615894,1.07738643018489
1156,8112,19056,2129,6315,4797,6805,3925,7581,4414,4976,2596,1080,7078,162,189,23150,23713,0.425692695214106,0.337133808392716,0.704922850844967,0.857142857142857,0.976257748914098
1157,8119,18297,1968,5726,4257,6248,3952,7712,4304,4652,2199,876,5899,168,156,22463,22288,0.443733945455539,0.343695424380021,0.681338028169014,1.07692307692308,1.00785175879397
1158,9551,21448,2816,7965,4724,6891,4216,9178,4822,5011,2419,1489,6266,239,133,26642,25339,0.445309585975382,0.353546767106089,0.685531853141779,1.79699248120301,1.05142270807846
1159,7830,18358,2195,6186,4207,6076,3423,8017,4217,5077,1914,894,6344,129,219,22062,23663,0.426517049787559,0.354833494988684,0.692396313364055,0.589041095890411,0.932341630393441
1160,9004,20211,2212,6362,5584,8062,4062,8839,4719,5017,2407,1470,6683,194,170,25804,25496,0.445499975260996,0.347689405847218,0.692632101215579,1.14117647058824,1.0120803263257
1161,8514,18693,1904,5458,5799,8082,3800,8352,4569,5039,2054,1241,6992,172,181,24731,24790,0.455464612421762,0.34884573103701,0.717520415738679,0.950276243093923,0.997620008067769
1162,7114,16849,2073,5821,4335,6050,3294,7535,3978,4773,1940,742,6479,139,189,20636,21372,0.422220903317704,0.356124377254767,0.716528925619835,0.735449735449735,0.965562418117163
1163,10113,22191,2094,5924,6114,8816,5228,10287,5596,5159,2463,2880,6079,274,106,28434,24959,0.455725294038124,0.353477380148548,0.693511796733212,2.58490566037736,1.13922833446853
1164,7918,19695,2161,6470,4858,6913,3942,7681,3752,4954,2503,783,6379,140,219,22855,24585,0.402030972328002,0.334003091190108,0.70273397945899,0.639269406392694,0.929631889363433
1165,7793,17767,2443,6632,4099,5780,3248,7478,4379,4448,2195,986,6119,157,171,22128,22377,0.438622164687342,0.368365500603136,0.70916955017301,0.91812865497076,0.98887250301649
1166,9579,20568,3000,7818,5584,7697,3819,9223,5764,4777,2382,1184,6632,276,106,27742,24699,0.465723453908985,0.383729854182655,0.725477458750162,2.60377358490566,1.12320336855743
1167,4657,11338,1266,3695,2832,4134,2482,4258,2313,2826,1315,542,3899,69,132,13412,14585,0.41074263538543,0.342625169147497,0.685050798258345,0.522727272727273,0.91957490572506
1168,9138,20372,2572,7057,4928,7124,4118,8150,4846,4903,2238,735,6773,174,176,25776,25668,0.448556842725309,0.36446081904492,0.691746209994385,0.988636363636364,1.00420757363254
1169,8628,19840,2001,5887,5838,8159,4309,7953,4625,5643,2850,940,7720,155,196,25095,25592,0.434879032258065,0.339901477832512,0.715528863831352,0.790816326530612,0.980579868708972
1170,7489,18313,1994,5932,4546,6633,3667,6949,3968,4498,2358,851,6592,101,224,21518,23801,0.408944465680118,0.336142953472691,0.685361073420775,0.450892857142857,0.904079660518466
1171,6935,17049,1764,5226,3524,5125,3044,6831,3546,4353,2035,975,6188,81,242,19158,21666,0.406768725438442,0.337543053960964,0.687609756097561,0.334710743801653,0.884242592079756
1172,9058,20289,2920,8084,5153,6966,4121,8847,5100,4795,2041,858,6818,238,112,26189,23928,0.446448814628617,0.361207323107373,0.739735859890899,2.125,1.09449180875961
1173,9101,20562,2490,6925,5309,7714,4601,9026,5230,5135,2030,1075,7188,247,131,26001,24416,0.442612586324288,0.35956678700361,0.68822919367384,1.88549618320611,1.06491644823067
1174,8611,20628,2283,6935,5520,7882,4030,8909,4351,5029,2241,1297,7159,166,206,25025,25902,0.417442311421369,0.329199711607787,0.700329865516366,0.805825242718447,0.966141610686433
1175,7345,17330,2071,6159,4206,5999,3542,6374,3790,4474,2340,1211,5699,160,190,20967,21895,0.423831506058857,0.33625588569573,0.701116852808801,0.842105263157895,0.957615894039735
1176,8079,17816,2636,7054,4661,6406,2770,7577,5087,4634,2292,1191,6728,183,176,23455,23064,0.453468792096991,0.373688687269634,0.727599125819544,1.03977272727273,1.01695282691641
1177,9060,20948,2101,6402,4677,6942,4405,8130,4802,4700,2472,1258,6555,155,210,24898,25759,0.432499522627458,0.328178694158076,0.673725151253241,0.738095238095238,0.966574789393998
1178,8710,19637,1875,5638,5003,7248,4183,8040,4500,4915,2404,1207,6976,170,194,24298,24266,0.443550440494984,0.332564739269244,0.690259381898455,0.876288659793814,1.00131871754719
1179,8279,19112,2522,7087,5448,7610,3641,8120,4494,4811,2439,869,6336,171,190,24528,24839,0.433183340309753,0.355862847467193,0.715900131406045,0.9,0.98747936712428
1180,8301,19827,2058,6086,5109,7516,4216,8845,4613,4569,2200,1391,6922,210,154,23769,22848,0.418671508548948,0.338153138350312,0.679749866950506,1.36363636363636,1.04030987394958
1181,10523,22736,3061,8066,6755,9320,4808,9344,5471,4932,3078,1826,7215,322,68,30862,25774,0.46283427163969,0.379494173072155,0.724785407725322,4.73529411764706,1.19740824086288
1182,9159,20765,2462,7353,5107,7472,4199,8097,5440,5110,2515,1431,6704,148,209,25887,26435,0.441078738261498,0.334829321365429,0.683485010706638,0.708133971291866,0.979269907319841
1183,7720,17791,1716,4918,4336,5984,3533,7481,4407,4668,1905,849,6207,113,220,21492,23189,0.43392726659547,0.348922326148841,0.724598930481283,0.513636363636364,0.926818750269524
1184,8432,18436,2721,7508,4353,6107,3103,6884,4910,4306,2505,788,6257,187,157,23938,23720,0.457366022998481,0.362413425679275,0.712788603242181,1.19108280254777,1.00919055649241
1185,7643,18411,2043,6247,5041,7506,3935,7878,4166,5301,2385,1120,6697,137,215,22370,23758,0.415132257889305,0.32703697774932,0.671596056488143,0.637209302325581,0.941577573869854
1186,8240,18928,2327,6667,4869,6985,3554,7680,4609,4888,2085,1046,6886,137,205,23676,24683,0.435333896872358,0.349032548372581,0.697065139584825,0.668292682926829,0.959202690110602
1187,7327,17549,2160,6356,4771,6989,3664,7525,4185,4553,2030,1074,6130,117,207,21585,22906,0.417516667616388,0.339836375078666,0.682644155100873,0.565217391304348,0.942329520649612
1188,3480,8277,976,2794,1928,2845,1346,3361,1860,2323,850,399,3045,35,118,9864,11622,0.420442189198985,0.349319971367215,0.67768014059754,0.296610169491525,0.84873515745999
1189,8024,18989,2259,6706,4271,6273,3573,7900,4266,4825,2176,895,6418,133,210,22578,24190,0.422560429722471,0.336862511184014,0.68085445560338,0.633333333333333,0.933360892930963
1190,9475,21223,2140,6289,5518,7988,4363,8690,4427,5469,3161,1266,6722,207,155,26608,26079,0.446449606558922,0.340276673557004,0.690786179268903,1.33548387096774,1.02028452011197
1191,8157,18330,2002,5461,5394,7541,3185,8080,5091,4874,1844,818,7023,144,209,23710,24643,0.445008183306056,0.366599523896722,0.71528974937011,0.688995215311005,0.962139349916812
1192,8583,20130,2177,6495,4846,7161,3903,8095,4487,5132,2186,1380,6588,132,223,24189,26202,0.426378539493294,0.33518090839107,0.676721128334032,0.591928251121076,0.923173803526448
1193,8720,20484,2217,6563,5123,7348,4492,8446,4972,5268,2628,1525,7148,197,177,24780,24667,0.425698105838703,0.337802834069785,0.697196516058792,1.11299435028249,1.00458101917542
1194,8702,20104,2267,6444,4771,7081,4156,8039,4505,5009,2304,1272,6928,136,214,24442,25541,0.432849184241942,0.351800124146493,0.673774890552182,0.635514018691589,0.956971144434439
1195,5185,12007,1307,3896,3010,4502,2563,5076,2846,3426,1639,703,4108,94,121,14687,15290,0.431831431664862,0.33547227926078,0.668591737005775,0.776859504132231,0.96056245912361
1196,10456,21820,2982,7940,5451,7799,4455,9502,6005,4956,2743,1396,6241,295,94,29345,24782,0.479193400549954,0.375566750629723,0.698935760994999,3.13829787234043,1.18412557501412
1197,8226,20134,2238,6760,4954,7577,4476,8121,3939,5798,2586,912,7045,141,217,23644,25885,0.408562630376478,0.331065088757396,0.653820773393163,0.649769585253456,0.913424763376473
1198,7710,18282,1810,5618,4838,7303,3919,7694,3792,5458,2393,1037,6833,113,229,22068,24128,0.421726288152281,0.322178711285155,0.662467479118171,0.493449781659389,0.914622015915119
1199,9282,20605,2412,6801,5487,7766,4188,8891,4731,5810,2994,1736,7007,229,147,26463,24845,0.450473186119874,0.35465372739303,0.706541334020088,1.5578231292517,1.06512376735762
1200,8026,19860,2220,6912,4362,6667,4297,7797,4313,5041,2215,1363,6604,105,245,22634,25375,0.404128902316214,0.321180555555556,0.654267286635668,0.428571428571429,0.891980295566502
1201,8508,20176,2604,7654,4918,7195,3904,8623,4778,4735,2409,1442,6420,172,189,24538,24501,0.421689135606661,0.340214267049909,0.683530229325921,0.91005291005291,1.00151014244317
1202,7569,17786,2241,6503,4434,6256,3457,7535,4100,4815,1988,1011,6050,129,205,21813,23161,0.425559428764197,0.344610179916961,0.708759590792839,0.629268292682927,0.941798713354346
1203,8858,19855,1899,5515,5172,7716,4547,8267,4897,5116,2697,1423,6619,200,154,24787,23836,0.446134474943339,0.344333635539438,0.670295489891135,1.2987012987013,1.03989763383118
1204,8679,19910,2104,6089,4671,6950,4083,7696,4396,5175,2718,1064,6953,147,196,24133,25127,0.435911602209945,0.345541139760223,0.672086330935252,0.75,0.960440959923588
1205,8379,19947,2423,7283,4230,6161,4132,8122,4737,5254,2397,899,6566,134,211,23411,24732,0.420063167393593,0.332692571742414,0.686576854406752,0.635071090047393,0.946587417111435
1206,9198,20321,2112,6087,5202,7632,4137,8930,4879,4968,2533,1233,6525,235,139,25710,23935,0.452635204960386,0.346968950221784,0.681603773584906,1.69064748201439,1.07415918111552
1207,8957,19295,2279,6418,5109,7216,3925,8516,5313,4952,2599,1652,6614,243,123,25302,22822,0.46421352682042,0.355095045185416,0.708009977827051,1.97560975609756,1.10866707562878
1208,8754,20336,2193,6392,5067,7444,4531,8716,4699,5246,2568,1513,6523,187,180,24768,24645,0.430468135326515,0.343085106382979,0.680682428801719,1.03888888888889,1.0049908703591
1209,8571,19752,2231,6398,4566,6714,4002,8002,4398,4760,2556,1401,6428,162,196,23939,24132,0.433930741190765,0.348702719599875,0.680071492403932,0.826530612244898,0.992002320570197
1210,9650,21570,2187,6394,5030,7494,4638,9154,5253,5591,2899,1684,7252,191,180,26517,25250,0.447380621233194,0.342039411948702,0.671203629570323,1.06111111111111,1.05017821782178
1211,10109,20721,2357,6203,6423,8820,4160,9846,5564,4877,2565,1387,6530,305,68,28998,24591,0.487862554895999,0.379977430275673,0.728231292517007,4.48529411764706,1.17921190679517
1212,7246,18168,1796,5568,3917,6057,3617,7582,3700,5181,1867,892,6439,91,232,20205,23827,0.398833113166006,0.322557471264368,0.64668978041935,0.392241379310345,0.847987577118395
1213,566,1343,179,520,521,701,245,655,320,329,96,75,529,12,14,1832,1908,0.42144452717796,0.344230769230769,0.743223965763195,0.857142857142857,0.960167714884696
1214,8484,20412,2049,6694,5521,8523,4723,8841,4368,6070,2923,1508,7541,194,176,24538,24182,0.415637860082305,0.306095010457126,0.64777660448199,1.10227272727273,1.01472169382185
1215,0,0,0,0,0,0,0,0,0,0,0,0,0,0,0,0,0,NA,NA,NA,NA,NA
1216,8093,19530,2587,7894,4134,6245,3673,7865,4376,5129,2579,775,7176,146,218,22907,24556,0.414388120839734,0.327717253610337,0.661969575660528,0.669724770642202,0.932847369278384
1217,7811,17482,1998,5723,5262,7140,3423,7594,4348,5033,2382,1245,5825,182,149,22882,22547,0.44680242535179,0.349117595666608,0.736974789915966,1.22147651006711,1.01485785248592
1218,8856,19739,1908,5712,5194,7480,4233,8164,5224,5111,2104,1300,6455,185,168,24814,24410,0.448654947059122,0.334033613445378,0.694385026737968,1.10119047619048,1.01655059401884
1219,8350,18998,2060,5910,4385,6480,3952,7712,4464,4980,2280,1117,6447,149,185,23145,23742,0.439519949468365,0.348561759729272,0.676697530864197,0.805405405405405,0.97485468789487
1220,8779,20740,2225,6543,5235,7748,4748,8698,4441,5189,2424,1489,7065,184,183,25018,25262,0.423288331726133,0.340058077334556,0.675658234383067,1.00546448087432,0.990341223972765
1221,8331,19207,2041,5876,5057,7258,4209,8390,4892,5137,2651,1410,6628,203,160,23760,22676,0.433748112667257,0.347345132743363,0.696748415541471,1.26875,1.04780384547539
1222,9051,21406,2660,7784,5126,7385,4379,8490,4576,4646,2767,1523,6910,192,171,25888,25393,0.422825376062786,0.341726618705036,0.694109681787407,1.12280701754386,1.01949356121766
1223,4361,10654,996,3109,2807,4081,2202,4274,2152,3079,1255,476,3915,44,141,12525,14481,0.409329829172142,0.320360244451592,0.687821612349914,0.312056737588652,0.864926455355293
1224,7595,19195,1981,6191,4883,7428,4214,7748,3567,5797,2179,1052,6932,88,273,22054,25263,0.395675957280542,0.319980617024713,0.657377490576198,0.322344322344322,0.872976289435142
1225,8102,18784,2152,6156,4553,6688,3700,7837,4243,4749,1934,986,6439,133,218,22909,24238,0.431324531516184,0.349577647823262,0.680771531100478,0.610091743119266,0.945168743295651
1226,7767,17900,1852,5435,4663,6753,3469,7252,4024,4609,2203,1120,6198,110,224,22049,23961,0.43391061452514,0.340754369825207,0.690507922404857,0.491071428571429,0.920203664287801
1227,8423,19873,2091,6011,4781,6901,4303,8223,4490,4680,2208,1074,6378,159,197,23718,24254,0.423841392844563,0.347862252537015,0.692798145196348,0.807106598984772,0.977900552486188
1228,9765,21710,2617,7534,4670,6753,4340,9165,5791,4848,2377,1374,6772,263,126,26817,24031,0.449792722247812,0.347358640828245,0.6915444987413,2.08730158730159,1.11593358578503
1229,8565,19468,2514,7094,4722,6835,3691,8646,4804,5006,2403,1278,6668,189,178,24366,23851,0.439952742962811,0.354383986467437,0.690855888807608,1.06179775280899,1.02159238606348
1230,399,863,104,280,250,356,163,369,212,196,100,54,292,9,6,1152,1118,0.46234067207416,0.371428571428571,0.702247191011236,1.5,1.0304114490161
1231,8936,20006,2452,6752,5761,7971,4207,8791,4784,5087,2323,1349,6952,208,163,26085,24623,0.44666600019994,0.363151658767773,0.722744950445364,1.2760736196319,1.05937538074158
1232,7893,19009,2287,6696,4980,6971,3461,8258,4311,4735,2162,1067,6545,165,199,23053,24038,0.415224367404913,0.341547192353644,0.714388179601205,0.829145728643216,0.959023213245694
1233,9654,21245,2481,6836,5538,8057,4283,8885,5634,5387,2679,1422,7139,202,171,27327,26372,0.454412803012473,0.362931538911644,0.687352612634976,1.1812865497076,1.03621264978007
1234,8906,20167,2291,6716,5563,7879,4140,9178,5351,5235,2413,1439,6457,201,176,25666,24574,0.441612535329995,0.341125670041691,0.706054067775098,1.14204545454545,1.04443721005941
1235,9557,21549,2572,7306,4911,7091,4138,9266,5336,4828,2336,1352,6258,207,162,26597,25484,0.443500858508515,0.352039419655078,0.692568043999436,1.27777777777778,1.04367446240779
1236,8010,18446,2309,6438,4510,6531,3245,7735,4333,4795,2080,1015,6426,133,209,22839,24345,0.434240485742166,0.358651755203479,0.690552748430562,0.636363636363636,0.938139248305607
1237,8662,19112,2281,6296,5034,6903,3665,7497,4412,4419,2338,941,6052,176,177,24639,24739,0.453223105902051,0.362293519695044,0.729248152976967,0.994350282485876,0.995957799426007
1238,8458,20879,1898,6112,5630,8223,4503,8451,4259,5733,2952,1211,7704,163,206,24444,25699,0.405096029503329,0.31053664921466,0.684664964125015,0.79126213592233,0.951165414996692
1239,8489,19616,1926,5793,5209,7557,4410,7846,4423,5502,2613,1374,6851,153,191,24113,25224,0.432758972267537,0.332470222682548,0.689294693661506,0.801047120418848,0.955954646368538
1240,7959,18263,2093,5959,4592,6821,3751,6925,4496,4584,2444,1109,6473,121,211,22603,23635,0.435799156765044,0.351233428427589,0.673215071103944,0.57345971563981,0.956335942458219
1241,8596,20014,2204,6557,5086,7392,4052,8220,4503,5189,2369,1167,7001,146,222,24482,25888,0.429499350454682,0.336129327436328,0.688041125541126,0.657657657657658,0.9456891223733
1242,10780,22152,2408,6464,6122,8789,4720,10301,6458,5362,3045,2099,7101,319,66,30090,24747,0.48663777537017,0.372524752475248,0.69655250881784,4.83333333333333,1.21590495817675
1243,9224,20951,2222,6319,5679,8441,5011,8633,5554,5047,2338,1325,7162,231,135,26349,24046,0.440265381127392,0.351637917391992,0.67278758440943,1.71111111111111,1.09577476503369
1244,6012,14898,1695,5417,3231,4920,3264,5251,3106,3871,1954,777,4888,65,198,16950,19266,0.403544099879178,0.312903821303304,0.656707317073171,0.328282828282828,0.879788227966366
1245,9301,20894,2444,6900,5387,7767,4318,8567,5106,4930,2884,1134,7154,247,128,26433,24670,0.445151718196611,0.354202898550725,0.693575383030771,1.9296875,1.07146331576814
1246,10241,21778,2394,6742,5957,8543,4739,9795,5512,5302,2573,2201,6601,294,93,28833,24925,0.470245201579576,0.355087511124295,0.697296031838932,3.16129032258065,1.15679037111334
1247,9033,20766,2375,6749,5252,7436,4397,8502,4886,5148,2529,1134,6388,176,189,25693,25775,0.434989887315805,0.35190398577567,0.706293706293706,0.931216931216931,0.996818622696411
1248,8211,18789,2804,7729,5007,6783,3163,7834,4787,5187,2226,1027,6523,146,205,24233,25528,0.437011017084464,0.362789494113081,0.738168951791243,0.712195121951219,0.949271388279536
1249,8286,19385,1826,5457,5310,7708,4186,8091,4440,5070,2194,1290,6362,133,199,23708,24775,0.427443899922621,0.334616089426425,0.688894654903996,0.668341708542714,0.956932391523713
1250,8144,19215,2164,6111,5400,7471,3662,8689,4523,4678,2300,1053,6499,198,156,23852,23225,0.423835545147021,0.354115529373261,0.722794806585464,1.26923076923077,1.02699677072121
1251,8290,19150,2080,6253,4923,6997,3898,8335,4422,5080,2170,927,6625,148,199,23583,24658,0.43289817232376,0.332640332640333,0.703587251679291,0.743718592964824,0.956403601265309
1252,8497,19371,2457,7083,5310,7811,3987,8397,4735,5160,2308,847,6629,161,181,24761,25082,0.438645397759537,0.346886912325286,0.679810523620535,0.889502762430939,0.987201977513755
1253,8747,19921,2310,6833,5001,7340,4057,8127,4616,5173,2194,966,6282,168,187,24805,25423,0.439084383314091,0.338065271476657,0.68133514986376,0.898395721925134,0.97569130315069
1254,8909,20679,2483,7211,5810,8473,4538,8862,4630,5312,2160,991,6542,176,180,26111,26536,0.430823540790174,0.344335043683262,0.685707541602738,0.977777777777778,0.983984021706361
1255,6988,16864,1823,5573,3546,5189,3171,6255,3970,4324,1945,716,5403,67,215,19345,22667,0.414373814041746,0.32711286560201,0.683368664482559,0.311627906976744,0.85344333171571
1256,8885,20914,2150,6584,4992,7485,4555,8663,4471,5144,2487,1244,6799,188,177,24912,24759,0.424835038730037,0.326549210206561,0.666933867735471,1.06214689265537,1.00617957106507
1257,10049,22532,2998,8543,5734,8309,4982,9491,5996,5089,3327,1780,7382,292,93,28830,24257,0.44598792827978,0.350930586445043,0.69009507762667,3.13978494623656,1.18852290060601
1258,8626,20768,1828,5664,5252,7477,4297,8105,4725,5275,2555,1119,7001,132,229,24332,26257,0.415350539291217,0.32274011299435,0.702420756988097,0.576419213973799,0.926686217008798
1259,8327,19823,2145,6304,5400,7671,4349,8117,4391,5228,2388,1271,7100,158,203,24199,25320,0.420067598244463,0.340260152284264,0.703949941337505,0.778325123152709,0.955726698262243
1260,8346,19350,1982,5969,4912,6955,4119,7943,4350,4888,2163,1157,6475,153,203,23586,24254,0.431317829457364,0.332048919416988,0.706254493170381,0.753694581280788,0.972458151232786
1261,9275,21134,2196,6456,5094,7424,4589,9188,5059,5111,2673,1754,6380,214,157,25840,24619,0.438866281820763,0.340148698884758,0.686153017241379,1.36305732484076,1.04959584061091
1262,544,1388,179,557,378,538,256,584,313,365,160,70,507,9,18,1645,1893,0.39193083573487,0.321364452423698,0.702602230483271,0.5,0.868991019545695
1263,7873,18406,2142,6346,4389,6369,3545,8264,4304,5196,2261,1213,6142,135,204,22277,23556,0.427740954036727,0.33753545540498,0.689119170984456,0.661764705882353,0.945703854644252
1264,8590,20065,2004,5926,5848,8400,4324,8284,4246,5020,2858,1572,7419,195,167,25032,24525,0.428108646897583,0.338170772865339,0.696190476190476,1.16766467065868,1.02067278287462
1265,8583,20340,2675,7520,4911,7182,3850,8767,4629,5136,2126,1088,6654,144,224,24752,26210,0.421976401179941,0.355718085106383,0.683792815371763,0.642857142857143,0.944372376955361
1266,9487,20976,2414,6680,6060,8456,4590,8697,5579,4864,2701,1177,6954,253,119,27448,24832,0.45227879481312,0.361377245508982,0.716650898770104,2.12605042016807,1.10534793814433
1267,8521,19886,2170,6780,5549,8260,4571,8279,4579,5117,2183,1331,6968,163,194,24761,25211,0.428492406718294,0.320058997050148,0.671791767554479,0.84020618556701,0.982150648526437
1268,10147,22467,2116,5996,5850,8406,4896,9705,5695,5389,2717,2007,6735,231,143,28260,25903,0.451640183380069,0.352901934623082,0.69593147751606,1.61538461538462,1.09099332123692
1269,9109,20953,2428,7321,5041,7585,4493,8918,5170,5342,2473,1967,6964,196,165,25687,25459,0.434734882833007,0.331648681874061,0.664601186552406,1.18787878787879,1.00895557563141
1270,7742,18592,1828,5558,4467,6544,4140,7531,3782,4897,2291,1335,6490,131,193,21779,23115,0.416415662650602,0.328895286074127,0.682610024449878,0.678756476683938,0.942202033311702
1271,7410,19411,1907,6351,4544,7039,4472,7517,3517,5629,2115,792,6809,67,285,21271,25689,0.381742311060739,0.300267674381987,0.645546242363972,0.235087719298246,0.828019775000973
1272,10351,22761,2679,7621,6146,9220,5110,9734,5874,5310,3309,2215,7344,313,77,29527,25130,0.454769122622029,0.351528670778113,0.666594360086768,4.06493506493506,1.174970155193
1273,9032,20445,2517,7261,5453,7752,4304,8765,4870,5404,2349,1334,6600,186,171,26034,26009,0.441770604059672,0.346646467428729,0.70343137254902,1.08771929824561,1.00096120573648
1274,9176,20966,2516,7097,5113,7301,4652,8764,4532,4831,2474,1475,6512,207,163,25981,24588,0.437660974911762,0.35451599267296,0.700315025338995,1.26993865030675,1.05665365218806
1275,7851,17914,2181,6444,4453,6272,3263,7908,4290,4720,2136,973,6383,175,182,22336,22511,0.438260578318633,0.338454376163873,0.709980867346939,0.961538461538462,0.992226022833282
1276,8941,20122,2605,7585,4765,6548,3864,8440,5065,4640,2206,1297,5949,222,153,25252,23964,0.444339528873869,0.343441001977587,0.727703115455101,1.45098039215686,1.05374728759806
1277,9705,20667,2191,5992,5608,7790,4467,9447,6027,5237,2555,1426,7079,272,110,27209,24019,0.469589200174191,0.365654205607477,0.7198973042362,2.47272727272727,1.13281152421
1278,9113,20433,2248,6426,5238,7545,4485,8740,5573,5273,2830,1881,6637,210,165,25712,24542,0.445994225028141,0.349828820417056,0.694234592445328,1.27272727272727,1.04767337625295
1279,9622,21823,2543,7368,5075,7503,4660,8773,4962,4889,2611,1452,7111,218,158,26862,25688,0.44091096549512,0.34514115092291,0.676396108223377,1.37974683544304,1.04570227343507
1280,9491,21299,2528,7400,5419,8056,4514,9803,4865,5543,2620,1893,6072,230,149,26929,25471,0.445607775012911,0.341621621621622,0.672666335650447,1.54362416107383,1.057241568843
1281,10105,22275,2666,7549,5695,8046,4660,9060,5535,5050,2961,1343,7075,246,134,28571,26103,0.45364758698092,0.353159358855478,0.707805120556798,1.83582089552239,1.09454851932728
1282,8202,19462,2604,7438,4719,6829,3718,7348,4122,4558,2297,888,6811,130,219,23727,25596,0.421436645771247,0.350094111320247,0.691023575926197,0.593607305936073,0.926980778246601
1283,8766,19981,2225,6249,5479,7758,4087,8620,4780,4709,2328,1068,7063,210,162,25236,24116,0.438716780941895,0.356056969115058,0.706238721319928,1.2962962962963,1.04644219605241
1284,8322,19807,2320,7007,4853,7082,3647,8309,4925,5354,2689,963,6878,151,218,23817,25245,0.420154490836573,0.331097473954617,0.685258401581474,0.692660550458716,0.943434343434343
1285,8253,17866,2279,6217,4875,6906,3207,7860,4517,4451,1978,1159,6366,200,139,23660,22829,0.461938878316355,0.366575518738942,0.705907906168549,1.43884892086331,1.03640106881598
1286,7698,17988,2270,6633,4496,6560,3401,7375,4111,4466,1968,913,6101,138,191,22162,23230,0.427951967978652,0.342228252676014,0.685365853658537,0.722513089005236,0.954024967714163
1287,8144,18369,1958,5852,5189,7274,4093,7641,4533,5287,2472,863,6757,170,174,23435,23884,0.443355653546736,0.334586466165414,0.713362661534232,0.977011494252874,0.981200803885446
1288,8928,20914,1836,5763,5287,8195,4862,8430,4387,5592,2415,1344,7450,177,193,24979,25469,0.426891077746964,0.31858407079646,0.645149481391092,0.917098445595855,0.980760925046135
1289,502,1280,117,418,325,514,270,525,226,422,157,74,436,4,20,1446,1807,0.3921875,0.279904306220096,0.632295719844358,0.2,0.80022136137244
1290,8227,20582,2317,7101,4699,7144,4652,8091,4200,5352,2695,1003,7122,150,207,23470,25140,0.399718200369255,0.32629207153922,0.657754759238522,0.72463768115942,0.93357199681782
1291,8570,20158,2298,6827,4760,6941,3997,7969,4367,5116,2609,1084,7132,158,206,24198,24953,0.425141383073718,0.336604657975685,0.685780146952889,0.766990291262136,0.969743117060073
1292,8623,19184,1971,5611,5421,7835,3991,8387,4360,5034,2251,1037,7389,214,145,24638,23492,0.449489157631359,0.351274282659063,0.69189534141672,1.47586206896552,1.0487825642772
1293,8731,18784,2267,6298,5055,7272,4031,7887,4920,4690,2507,1273,6401,236,106,24784,22552,0.464810477001704,0.359955541441728,0.69513201320132,2.22641509433962,1.09897126640653
1294,6626,14834,1877,4948,4165,5891,3018,6269,3493,4247,1720,571,5563,111,168,19294,20049,0.446676553862748,0.379345189975748,0.707010694279409,0.660714285714286,0.962342261459424
1295,6381,13590,1471,3943,3722,5111,2605,5984,3314,3175,1496,862,4509,147,100,17955,16667,0.46953642384106,0.373066193253868,0.728233222461358,1.47,1.07727845443091
1296,7829,18598,2005,6014,4846,7208,4195,7919,4203,5466,2155,1144,6992,113,235,22509,24235,0.420959242929347,0.333388759561024,0.672308546059933,0.480851063829787,0.928780689086033
1297,1257,2981,432,1271,680,965,506,1208,674,656,328,141,1050,20,37,3626,3858,0.421670580342167,0.339889850511408,0.704663212435233,0.540540540540541,0.939865215137377
1298,7456,18631,2338,7132,4491,6535,3711,7621,4192,5275,2516,802,6908,113,226,21741,23522,0.400193226343191,0.327818283791363,0.687222647283856,0.5,0.924283649349545
1299,7860,19582,2233,7179,4977,7802,4114,8090,3909,5968,2490,1212,6910,109,244,22930,25584,0.401389030742519,0.311046106700098,0.637913355549859,0.44672131147541,0.896263289555972
1300,4213,10202,1042,3216,2746,3925,1979,4114,2353,3083,1471,593,3788,78,116,12214,13403,0.41295824348167,0.324004975124378,0.699617834394904,0.672413793103448,0.911288517496083
1301,9684,20936,2448,6902,5791,8094,4104,9050,5588,5067,2420,1522,6614,228,154,27607,26151,0.46255254107757,0.354679802955665,0.715468248085001,1.48051948051948,1.05567664716454
1302,0,0,0,0,0,0,0,0,0,0,0,0,0,0,0,0,0,NA,NA,NA,NA,NA
1303,1896,4268,476,1392,1023,1404,660,1626,1020,967,474,173,1294,24,48,5291,5817,0.444236176194939,0.341954022988506,0.728632478632479,0.5,0.90957538249957
1304,8355,19273,2244,6551,4908,7095,3675,8657,4680,4782,2439,1126,6529,192,173,23862,23258,0.433508016395994,0.3425431231873,0.691754756871036,1.10982658959538,1.02596955886147
1305,9386,20851,2162,6217,5956,8358,4343,9275,4868,4755,2088,1647,6679,237,132,26890,25372,0.450146275957988,0.347756152485121,0.712610672409667,1.79545454545455,1.05982973356456
1306,7121,18092,2404,7337,4168,6305,3638,7831,3737,4724,1809,829,6296,114,229,20814,22619,0.393599380941853,0.327654354640861,0.661062648691515,0.497816593886463,0.920199831999646
1307,9143,20173,2773,7463,5891,8424,3906,9080,5500,4580,2330,1211,6644,253,120,26950,24510,0.453229564269073,0.371566394211443,0.699311490978158,2.10833333333333,1.09955120359037
1308,9484,20704,2186,6169,6118,9007,4509,9006,4809,5437,2298,1425,6606,217,154,27272,26200,0.458075734157651,0.354352407197277,0.679249472632397,1.40909090909091,1.04091603053435
1309,6509,15211,1462,4230,4004,5930,3128,6202,3190,4001,1762,732,5290,108,168,18484,19834,0.427914009598317,0.345626477541371,0.675210792580101,0.642857142857143,0.931935061006353
1310,9415,22399,2648,8191,6599,9302,5168,8720,4949,5018,2867,1226,7291,203,173,28077,27738,0.420331264788607,0.323281650592113,0.709417329606536,1.17341040462428,1.0122215011897
1311,7243,17289,2195,6719,4319,6269,3159,6842,4078,4924,2128,582,6404,96,227,21000,23711,0.41893689629244,0.326685518678375,0.688945605359707,0.422907488986784,0.885664881278731
1312,4692,12061,1334,4222,2799,4255,2337,5128,2427,3488,1482,719,4626,56,165,13517,15645,0.38902246911533,0.315963998105163,0.657814336075206,0.339393939393939,0.863982102908277
1313,8626,19902,1797,5654,5116,7814,4429,8492,4023,5832,2663,1396,7269,176,187,24165,24983,0.433423776504874,0.317828086310577,0.654722293319683,0.941176470588235,0.967257735259977
1314,11164,23980,2338,6490,6419,9248,5492,10193,6550,5422,3055,1791,6455,288,95,31085,26918,0.465554628857381,0.360246533127889,0.694096020761246,3.03157894736842,1.15480347722713
1315,3659,8514,1027,3033,2351,3510,1578,3662,1901,2227,1051,512,3085,68,92,10696,11482,0.429762743716232,0.338608638311902,0.66980056980057,0.739130434782609,0.931545026998781
1316,5940,14088,1523,4551,3337,5179,2862,5887,3158,4236,1579,823,5130,82,184,16740,18930,0.421635434412266,0.334651724895627,0.644332882795907,0.445652173913043,0.884310618066561
1317,8534,19532,1971,5661,5688,8089,4170,8525,3947,5082,2034,1276,6771,177,165,24727,24842,0.436924022117551,0.348171701112878,0.70317715415997,1.07272727272727,0.995370743096369
1318,8652,20023,2366,6947,5121,7239,3990,8033,4738,4912,2604,1405,6349,191,176,24791,24707,0.432103081456325,0.340578667050525,0.707418151678409,1.08522727272727,1.00339984619743
1319,8388,18327,2169,5801,4651,6641,3309,7829,4920,5068,2056,944,6446,151,184,23596,24313,0.45768538222295,0.373901051542837,0.700346333383527,0.820652173913043,0.970509603915601
1320,8269,18609,2569,7180,5043,6907,3070,8747,4586,4250,1881,951,6084,224,141,24150,22958,0.444354882046322,0.357799442896936,0.730128854785001,1.5886524822695,1.05192089903302
1321,8052,18543,2780,8072,4057,5914,2952,7444,5473,4118,2522,1063,6182,172,193,22941,23319,0.434233942727714,0.344400396432111,0.685999323638823,0.89119170984456,0.983790042454651
1322,8707,20123,1952,5929,5637,8432,4554,7920,4803,5548,2869,1556,7368,160,178,25003,25826,0.432688962878298,0.329229212346095,0.668524667931689,0.898876404494382,0.968132889336328
1323,9687,21611,3019,7901,5528,7618,4374,9457,6092,4193,2242,1386,5764,248,127,27921,25355,0.448243949840359,0.382103531198582,0.725649776844316,1.95275590551181,1.1012029185565
1324,9337,20810,2545,7187,5868,8318,4438,8091,4989,4766,2501,1106,6579,189,172,27087,26919,0.448678519942335,0.354111590371504,0.70545804279875,1.09883720930233,1.00624094505739
1325,9156,20685,2627,7541,5865,8288,4131,8724,5299,5213,2933,994,7138,225,155,26804,25712,0.442639593908629,0.348362286168943,0.707649613899614,1.45161290322581,1.04247044181705
1326,9830,21146,2541,7071,5318,7685,4077,9264,5458,4694,2630,1440,6161,284,105,27519,23994,0.464863331126454,0.359355112431056,0.691997397527651,2.7047619047619,1.14691172793198
1327,0,0,0,0,0,0,0,0,0,0,0,0,0,0,0,0,0,NA,NA,NA,NA,NA
1328,9283,20809,2415,6799,5398,7559,4427,8799,5019,4766,2547,1343,6605,236,133,26379,24395,0.446105050699217,0.355199294013826,0.714115623759757,1.77443609022556,1.0813281410125
1329,9585,20946,2400,6725,6128,8456,4065,9016,4927,5117,2812,1368,7423,245,132,27698,25311,0.457605270696076,0.356877323420074,0.724692526017029,1.85606060606061,1.09430682312038
1330,9145,21255,2138,6549,4966,7403,5116,9034,5424,4934,2906,1469,6547,233,143,25394,23712,0.430251705481063,0.326462055275615,0.670809131433203,1.62937062937063,1.07093454790823
1331,9373,20364,2162,5963,5994,8384,4284,8845,5111,5048,2291,1329,6751,233,136,26902,25125,0.460273030838735,0.362569176588965,0.71493320610687,1.71323529411765,1.0707263681592
1332,9605,21368,2796,7626,5532,7728,4216,8571,5214,5072,2537,1087,6966,220,154,27538,26251,0.449503931111943,0.366640440597954,0.71583850931677,1.42857142857143,1.04902670374462
1333,8721,20084,1964,5906,5254,7760,4084,8180,4645,5075,2488,1221,6360,154,209,24660,25529,0.434226249751046,0.332543176430748,0.677061855670103,0.736842105263158,0.965960280465353
1334,8413,18607,2388,6558,4997,7043,3564,8309,4867,4564,1954,770,6196,209,146,24211,23317,0.452141667114527,0.364135407136322,0.709498793127928,1.43150684931507,1.03834112450144
1335,8126,18311,2235,6370,4692,6742,3412,7837,4953,4966,2401,960,6695,177,166,23179,22976,0.443776964666048,0.350863422291994,0.695935924058143,1.06626506024096,1.00883530640669
1336,8322,19831,2303,6883,4637,6713,4170,8240,4586,4702,1998,924,6341,152,215,23584,24660,0.419646008774141,0.334592474211826,0.690749292417697,0.706976744186047,0.956366585563666
1337,8729,20558,2277,6653,5008,7198,4205,8089,4417,5049,2326,1120,6752,129,226,24743,26580,0.424603560657652,0.342251615812415,0.695748819116421,0.570796460176991,0.930887885628292
1338,9937,21203,2194,6177,5576,8280,5082,9276,6277,4809,2379,1430,6488,295,89,27644,23655,0.468660095269537,0.355188602881658,0.673429951690821,3.31460674157303,1.16863242443458
1339,8377,19242,2202,6051,5004,7001,3739,8015,4685,5056,2087,976,6826,150,205,23960,25025,0.435349755742646,0.363906792265741,0.714755034995001,0.731707317073171,0.957442557442557
1340,8410,18478,2251,6207,5031,7285,3647,7542,4553,4895,2070,1051,6353,160,177,24102,24304,0.455135837211819,0.362655066859997,0.690597117364448,0.903954802259887,0.991688610928242
1341,7807,19830,1758,5803,4486,7325,4360,8057,3663,5509,2485,944,7090,110,235,21858,24855,0.393696419566314,0.302946751680165,0.612423208191126,0.468085106382979,0.87942063971032
1342,4436,10231,1294,3720,2206,3147,1620,4317,2284,2906,1047,419,3244,53,151,12372,14244,0.433584204867559,0.347849462365591,0.700985065141404,0.350993377483444,0.868576242628475
1343,6882,15417,2298,6410,3745,5211,2570,6845,4121,4182,2116,925,5887,183,142,19807,19191,0.446390348316793,0.358502340093604,0.718672039915563,1.2887323943662,1.0320983794487
1344,9568,21658,2416,7044,5583,7902,4945,8532,5334,5098,2732,1695,6386,195,172,27135,26348,0.441776710684274,0.342986939239069,0.706529992406986,1.13372093023256,1.02986943980568
1345,9091,20779,2228,6490,5301,7611,4257,8597,5127,4716,2413,1452,6995,224,149,25711,23957,0.437509023533375,0.343297380585516,0.696491919590067,1.50335570469799,1.07321450932921
1346,9138,20886,2001,5829,5380,7907,4925,8890,4997,5069,2113,1030,7261,184,169,25657,25483,0.437517954610744,0.343283582089552,0.680409763500696,1.0887573964497,1.00682808146608
1347,8024,19241,1899,5846,4897,7386,4083,8037,3906,4918,2331,1142,6504,127,211,22844,24503,0.417026142092407,0.324837495723572,0.663011102085026,0.601895734597156,0.932294004815737
1348,9125,21234,2186,6528,5254,7686,4938,8438,4729,4902,2404,1380,6689,187,179,25690,25514,0.429735330130922,0.334865196078431,0.683580536039552,1.04469273743017,1.00689817355178
1349,8113,18868,1993,5836,4877,6999,3533,8026,4652,5028,2352,991,6645,134,216,23096,24395,0.42998728005088,0.341501028101439,0.696813830547221,0.62037037037037,0.946751383480221
1350,8633,19810,2593,7506,4886,7044,3489,8134,4812,4630,2530,1501,7053,209,167,24745,24177,0.435790005047956,0.345456967759126,0.693639977285633,1.25149700598802,1.02349340282086
1351,9194,20878,2706,7502,5289,7565,3990,9027,5015,5165,2448,1341,6690,198,173,26383,26441,0.440367851326755,0.360703812316716,0.699140779907469,1.14450867052023,0.997806436972883
1352,9083,20433,2661,7198,5253,7340,4141,8254,5058,5179,2808,893,7242,223,147,26080,25380,0.444526011843586,0.369686023895527,0.71566757493188,1.51700680272109,1.02758077226162
1353,8414,20239,2109,6362,4774,6922,4352,8294,4351,4947,2344,1721,6825,153,209,23711,24654,0.415732002569297,0.331499528450173,0.689685062120774,0.732057416267943,0.961750628701225
1354,8217,19268,1732,5588,4932,7260,4462,8151,4010,5860,2280,1049,6855,143,207,23098,24510,0.426458376582935,0.309949892627058,0.679338842975207,0.690821256038647,0.942390860873113
1355,6452,14699,1792,4956,3991,5499,2933,6126,3372,3467,1472,559,4723,124,141,18687,18849,0.438941424586707,0.361581920903955,0.725768321513002,0.879432624113475,0.991405379595734
1356,8545,19474,2039,5933,4898,7082,3993,7904,4473,4909,2725,1019,7311,212,156,24027,23398,0.438790181780836,0.343670992752402,0.691612538830839,1.35897435897436,1.02688263954184
1357,9129,20546,2286,6508,4555,6573,4101,8062,4906,5470,2675,1094,6837,140,215,25099,26136,0.444320062299231,0.351259987707437,0.692986459759623,0.651162790697674,0.960322926232017
1358,7968,18291,2234,6452,5077,7626,3946,8011,5345,4970,2323,1042,6832,192,138,23247,22673,0.435624077415122,0.346249225046497,0.665748754261736,1.39130434782609,1.0253164556962
1359,7361,16130,2726,7601,3665,5317,2345,7014,4657,4378,1922,599,5548,139,202,21113,22365,0.456354618722877,0.358637021444547,0.68929847658454,0.688118811881188,0.944019673597138
1360,8411,18973,2246,6141,4922,7157,3573,7957,4715,5318,2200,1096,6676,153,202,23990,24846,0.443314183313129,0.365738479075069,0.687718317730893,0.757425742574257,0.965547774289624
1361,8966,20084,2041,6030,5039,7331,4333,8311,4574,4678,2614,1234,6067,241,117,25012,23113,0.446425014937263,0.338474295190713,0.687355067521484,2.05982905982906,1.08216155410375
1362,8602,19453,2281,6475,4808,7072,3747,8040,4469,4867,2211,838,6662,162,188,24293,24942,0.442194006065902,0.352277992277992,0.679864253393665,0.861702127659574,0.973979632747975
1363,8138,19962,1959,5911,4595,6675,4068,7947,4214,4696,1903,812,6419,101,250,22830,25145,0.40767458170524,0.331416004060227,0.688389513108614,0.404,0.907933982899185
1364,7982,17981,2293,6231,4838,6833,3449,7991,4673,4732,2220,1109,6322,193,152,23095,22463,0.443913019298148,0.367998716096935,0.708034538270159,1.26973684210526,1.02813515558919
1365,8307,19373,2306,6627,5124,7234,4004,8158,4546,4955,2192,1181,6944,162,193,24044,24464,0.428792649563826,0.347970424022936,0.708321813657727,0.839378238341969,0.982831916285154
1366,6772,17364,1531,4994,3778,5951,3880,7012,3235,5758,2426,1062,6887,99,227,18853,22389,0.390002303616678,0.306567881457749,0.634851285498236,0.436123348017621,0.84206529992407
1367,4841,11606,1286,3973,2573,4010,2532,4763,2767,3073,1420,810,3799,75,134,13541,14436,0.417111838704119,0.323684872892021,0.641645885286783,0.559701492537313,0.938002216680521
1368,7371,17061,1775,5292,4331,6486,3299,7143,3833,4386,2024,1145,6096,150,167,20848,21361,0.432037981360999,0.3354119425548,0.667745914276904,0.898203592814371,0.975984270399326
1369,8424,19031,2225,6237,4728,7019,3679,7945,4631,4929,2081,1177,6487,115,226,23801,25509,0.442646208817193,0.35674202340869,0.6736002279527,0.508849557522124,0.933043239640911
1370,4300,10080,1013,3098,2220,3368,2262,3992,2132,2626,1350,427,3508,69,96,11833,12158,0.426587301587302,0.326985151710781,0.659144893111639,0.71875,0.973268629708834
1371,9161,21251,2346,6902,5216,7408,4341,8647,4896,4737,2812,1247,7031,195,171,25884,25145,0.431085595971954,0.339901477832512,0.704103671706264,1.14035087719298,1.02938954066415
1372,7644,17021,1644,4724,4374,6379,3582,7134,4306,4208,2195,737,5978,215,108,21306,19387,0.449092297749838,0.34801016088061,0.685687411820034,1.99074074074074,1.09898385516067
1373,9372,21726,2099,6240,5600,8077,4752,8950,5056,5187,2730,1249,6496,199,174,26443,26154,0.431372549019608,0.336378205128205,0.693326730221617,1.14367816091954,1.01104993500038
1374,8101,18371,2038,5940,4792,6877,3718,7991,4419,5158,2412,1275,6211,157,195,23032,23188,0.440966741059278,0.343097643097643,0.696815471862731,0.805128205128205,0.99327238226669
1375,8049,18703,2224,6381,4889,7116,4062,7842,4158,4741,2168,1127,6267,179,159,23211,23153,0.430358765973373,0.348534712427519,0.687043282743114,1.12578616352201,1.00250507493629
1376,9236,21600,2450,7246,4530,6745,4670,8027,4545,4799,2708,1692,6628,183,188,25452,25111,0.427592592592593,0.33811758211427,0.671608598962194,0.973404255319149,1.01357970610489
1377,3763,8428,1048,2937,2227,3116,1338,3754,2061,1960,892,547,2404,62,87,10801,11164,0.446487897484575,0.356826693905346,0.714698331193838,0.71264367816092,0.967484772482981
1378,8212,19268,1792,5696,4991,7466,4214,8602,4709,5211,2184,1449,6478,147,218,23207,24055,0.426198878970313,0.314606741573034,0.668497187248862,0.674311926605505,0.964747453751819
1379,8044,18705,1635,4884,5632,8007,4255,8066,3967,4594,2161,884,6764,189,157,23355,23032,0.430045442395082,0.334766584766585,0.703384538528787,1.20382165605096,1.01402396665509
1380,7733,18802,1776,5625,4413,6865,3927,8206,3881,5426,2304,1239,6276,135,207,21655,22966,0.411286033400702,0.315733333333333,0.642825928623452,0.652173913043478,0.942915614386484
1381,7775,17198,1712,4653,4670,6592,3155,7238,4448,5037,2033,944,6756,109,225,21932,23965,0.452087452029306,0.367934665807006,0.708434466019418,0.484444444444444,0.915167953265178
1382,8678,20021,2151,6421,5072,7199,4182,8053,4794,5003,2155,1101,6681,142,210,24579,25680,0.433444882872983,0.334994549135649,0.704542297541325,0.676190476190476,0.957126168224299
1383,8425,19942,2471,7349,4588,7016,4198,7989,4465,5400,2612,1171,7200,148,205,23909,24580,0.422475178016247,0.336236222615322,0.653933865450399,0.721951219512195,0.972701383238405
1384,7695,18001,2138,6149,4446,6317,3431,7215,4425,5107,2037,863,6169,103,241,21974,24413,0.427476251319371,0.347698812815092,0.70381510210543,0.427385892116183,0.900094212100111
1385,8694,20626,1710,5438,4889,7266,4655,8368,4443,4970,2668,1582,6651,173,190,23987,24278,0.421506836032192,0.314453843324752,0.672859895403248,0.910526315789474,0.988013839690255
1386,8958,20009,2618,7270,5444,7733,3809,8903,5300,4791,2291,1783,6290,226,149,25978,24526,0.447698535658953,0.360110041265475,0.703995861890599,1.51677852348993,1.05920247900188
1387,8209,18832,2096,6154,4814,6960,3341,8642,4764,4616,2210,1162,6325,217,150,23328,22299,0.435906966864911,0.34059148521287,0.691666666666667,1.44666666666667,1.04614556706579
1388,9018,19777,2550,6989,5759,8049,4293,8781,4814,4814,2237,1398,6527,251,109,26345,23610,0.4559842240987,0.364859064243812,0.715492607777364,2.30275229357798,1.11584074544684
1389,8483,20686,2268,6740,4686,6947,4558,8135,4249,5276,2736,1391,7135,145,218,23920,25044,0.410084114860292,0.336498516320475,0.674535770836332,0.665137614678899,0.955118990576585
1390,9275,20887,2241,6214,5557,7887,4365,9033,5058,4904,2083,1406,6633,236,137,26348,24583,0.444056111456887,0.360637270679112,0.704577152275897,1.72262773722628,1.07179758369605
1391,7964,19144,2099,6529,4694,6837,4002,7377,3934,5236,2549,897,6536,116,227,22721,25063,0.416005014625992,0.321488742533313,0.686558432060845,0.511013215859031,0.906555480189921
1392,7997,19328,1910,5646,4698,6847,4177,8149,3734,4720,2329,850,6514,169,185,22602,22698,0.413752069536424,0.338292596528516,0.686139915291369,0.913513513513514,0.995770552471583
1393,10584,22688,2333,6771,5689,8492,5153,9704,6096,5179,3316,2414,6289,299,88,29190,25626,0.466502115655853,0.344557672426525,0.669924634950542,3.39772727272727,1.13907749941466
1394,7981,17817,1654,5036,4864,7132,3932,7642,4462,5317,2290,1112,6401,150,180,22480,22923,0.44794297580962,0.328435266084194,0.681996634885025,0.833333333333333,0.980674431793395
1395,8167,19752,2306,6824,5160,7749,3975,8079,4541,5117,2405,830,6891,140,221,23800,25166,0.413477116241393,0.337924970691676,0.665892373209446,0.633484162895928,0.945720416434872
1396,9258,21470,2638,7777,4838,7018,4343,8701,4964,4045,2708,1333,6286,228,146,25992,24663,0.431206334420121,0.339205349106339,0.689370190937589,1.56164383561644,1.05388638851721
1397,9623,21498,2516,7284,5619,8163,4712,8931,5403,5021,2666,1357,7002,239,134,27381,25465,0.447623034700902,0.345414607358594,0.68834987137082,1.78358208955224,1.07524052621245
1398,8384,19455,2346,6782,4758,6849,4005,7482,4491,5014,2467,1126,6941,125,219,23872,25663,0.430943202261629,0.345915659097611,0.694699956197985,0.570776255707763,0.930210809336399
1399,8641,19191,2038,5899,5455,7888,4214,8005,4558,5483,2416,1119,7171,170,175,24775,25223,0.450263144182169,0.345482285133073,0.691556795131846,0.971428571428571,0.98223843317607
1400,10198,22840,2447,6869,6173,9017,5439,9840,5137,4874,2563,1881,7035,274,110,29016,25551,0.446497373029772,0.356238171495123,0.684595763557724,2.49090909090909,1.13561113067982
1401,8837,19757,2175,6153,5506,8101,4174,8782,5092,4798,2279,1085,6921,223,142,25355,23529,0.447284506757099,0.353486104339347,0.679669176644859,1.57042253521127,1.07760635811127
1402,7891,18583,2203,6431,4933,7198,3913,7267,4203,5057,2395,865,7118,113,207,22918,24272,0.424635419469408,0.342559477530711,0.685329258127258,0.545893719806763,0.944215557020435
1403,9504,21145,1892,5283,5861,8177,3950,8562,5162,5096,2538,1189,7051,187,190,26761,26691,0.449467959328446,0.358129850463752,0.716766540295952,0.984210526315789,1.00262260687123
1404,8040,19174,2033,6295,5032,7159,4047,7326,4244,4935,2365,850,6540,102,233,23145,25508,0.41931782622301,0.322954725972994,0.702891465288448,0.437768240343348,0.907362396111024
1405,8532,19452,2236,6550,4927,7134,3768,7788,4552,5277,2702,941,6785,166,197,24227,25098,0.438618136952498,0.341374045801527,0.690636389122512,0.842639593908629,0.965296039525062
1406,8304,19873,2095,6390,5012,7401,4233,8476,4532,5219,2237,1492,6632,123,243,23715,25952,0.417853368892467,0.327856025039124,0.677205783002297,0.506172839506173,0.913802404438964
1407,8969,21160,3165,9103,4162,6066,4158,7970,4659,4320,2673,1162,5644,164,183,25265,25660,0.423865784499055,0.347687575524552,0.68611935377514,0.896174863387978,0.98460639127046
1408,7961,18684,1939,5765,5139,7482,3892,8164,4504,5062,2314,1289,6528,154,196,23000,23663,0.426086491115393,0.336339982653946,0.686848436246993,0.785714285714286,0.971981574610151
1409,8876,20073,2201,6350,5714,8212,4072,9562,4590,5429,2216,1710,7226,206,165,25667,24652,0.442186021023265,0.346614173228346,0.695811008280565,1.24848484848485,1.04117312996917
1410,7083,17249,2024,6031,4548,6780,3369,7001,4045,4805,2023,574,6278,93,231,20738,23182,0.410632500434808,0.335599403084066,0.670796460176991,0.402597402597403,0.894573375895091
1411,8317,19512,1944,6042,5456,8499,4210,8703,4293,5927,2494,1143,6839,156,205,24034,25147,0.426250512505125,0.321747765640516,0.641957877397341,0.760975609756098,0.955740247345608
1412,9283,21173,2381,7076,5273,7747,4371,8745,5085,4972,2892,1165,6715,232,136,26220,24570,0.438435743635763,0.336489542114189,0.680650574415903,1.70588235294118,1.06715506715507
1413,6736,15376,2134,5921,4056,5577,2399,6246,3819,4249,1713,665,5675,87,204,19662,21643,0.438085327783559,0.360412092551934,0.727272727272727,0.426470588235294,0.908469251028046
1414,8610,19573,2361,6496,4987,7044,3647,8723,4908,4883,1994,1138,6718,177,185,24568,24603,0.439891687528739,0.363454433497537,0.707978421351505,0.956756756756757,0.998577409259033
1415,7427,17991,1792,5512,4120,6052,3600,7453,3859,4841,1995,880,6200,101,232,20766,23040,0.412817519871047,0.32510885341074,0.680766688697951,0.435344827586207,0.901302083333333
1416,8560,19166,2397,6853,4960,7203,4217,8248,4972,5101,2535,1380,6514,210,144,24477,23541,0.446624230408014,0.349773821683934,0.688601971400805,1.45833333333333,1.03976041799414
1417,9948,21162,2202,6180,5263,7556,4215,8955,5669,5068,2613,1336,6349,251,127,27361,25117,0.470087893393819,0.35631067961165,0.696532556908417,1.97637795275591,1.08934188000159
1418,8636,19738,2207,6607,4929,7443,4195,7968,4214,5137,2400,1345,6879,172,175,24408,24382,0.437531664808998,0.334039654911458,0.662232970576381,0.982857142857143,1.00106636042983
1419,7434,18060,2063,6126,4303,6471,3747,7167,3734,5081,2160,788,6347,94,235,21234,23831,0.411627906976744,0.336761345086517,0.664966774841601,0.4,0.891024296084931
1420,8243,19801,1885,5831,4358,6473,3923,7840,4433,4646,2236,927,6674,111,243,22729,25046,0.41629210645927,0.323272166009261,0.673258149235285,0.45679012345679,0.907490217998882
1421,8368,19059,2046,5983,5146,7209,3883,7937,4777,5136,2443,1392,5999,152,184,23928,25113,0.43905766304633,0.341968911917098,0.713829934803718,0.826086956521739,0.952813283956517
1422,8571,20175,2126,6413,4963,7269,4272,8039,4174,5362,2483,1235,6824,125,227,24231,26044,0.424832713754647,0.331514111960081,0.682762415738066,0.550660792951542,0.930387037321456
1423,8706,20499,2375,7015,4539,6624,4128,8578,4748,4997,2374,977,6901,165,202,24326,25028,0.424703644080199,0.33856022808268,0.685235507246377,0.816831683168317,0.971951414415854
1424,9616,21431,2521,7272,5438,7794,4201,9203,5647,4878,2756,1591,6874,259,117,27191,24871,0.44869581447436,0.346672167216722,0.69771619194252,2.21367521367521,1.09328133167142
1425,9227,20954,2039,6079,4928,7380,4098,8747,4622,5207,2458,1385,6773,184,189,25421,25227,0.440345518755369,0.335417009376542,0.667750677506775,0.973544973544973,1.0076901732271
1426,8071,18171,1984,5803,5241,7531,3849,8137,4266,5340,2157,996,6562,164,165,23367,23395,0.44416928072203,0.341892124763054,0.695923516133316,0.993939393939394,0.998803163069032
1427,7714,18193,2182,6314,5038,7312,3730,7590,3981,5071,2315,800,6431,139,192,22648,23682,0.424009234320893,0.345581248020272,0.689004376367615,0.723958333333333,0.956338147115953
1428,8427,18405,2254,6210,4959,6825,3351,8660,4694,4968,1906,1337,6498,198,165,24067,23457,0.457864710676447,0.362962962962963,0.726593406593407,1.2,1.02600503048131
1429,9424,19470,2245,5814,5310,7220,3860,9027,5803,4597,1844,1101,6078,274,100,26403,23450,0.484026707755521,0.386136910904713,0.735457063711911,2.74,1.12592750533049
1430,6343,14511,1715,4843,3874,5251,2667,6344,3530,3395,1571,784,4784,143,127,18275,18022,0.437116670112329,0.354119347511873,0.737764235383736,1.1259842519685,1.01403839751415
1431,9066,20161,2091,6045,6048,8722,3871,9137,5323,5047,2471,1250,7051,226,145,26271,24716,0.449680075393086,0.34590570719603,0.693418940609952,1.55862068965517,1.0629147111183
1432,0,0,0,0,0,0,0,0,0,0,0,0,0,0,0,0,0,NA,NA,NA,NA,NA
1433,9691,21863,2717,7483,5437,7831,4626,8772,5098,4831,3278,1511,7100,279,103,27536,24470,0.443260302794676,0.363089669918482,0.694291916741157,2.70873786407767,1.1252962811606
1434,8798,19258,2504,6948,5279,7555,3697,8659,5214,5366,2290,1019,7162,202,161,25379,25009,0.456849101672032,0.360391479562464,0.698742554599603,1.25465838509317,1.01479467391739
1435,9284,20562,2900,7900,5507,7807,3891,9060,5414,5107,2294,1444,6590,232,143,26975,25224,0.451512498784165,0.367088607594937,0.705392596387857,1.62237762237762,1.06941801458928
1436,9042,20208,2105,6037,5685,8199,4427,9348,5081,5094,2398,1301,6558,254,120,25874,23686,0.447446555819477,0.348683120755342,0.693377241126967,2.11666666666667,1.09237524275944
1437,9197,21085,2688,7553,6417,8671,4818,9023,5011,5111,2723,1408,7271,249,124,27499,25072,0.436186862698601,0.355885078776645,0.740053050397878,2.00806451612903,1.09680121250798
1438,8824,20247,2341,6604,5106,7211,4100,8742,4687,4651,2156,1246,6539,206,156,25095,24081,0.435817651997827,0.354482132041187,0.708084870336985,1.32051282051282,1.04210788588514
1439,9044,20919,2042,6058,5402,7942,4444,8622,4578,4744,2580,1565,6753,194,176,25532,24813,0.432334241598547,0.337074942225157,0.680181314530345,1.10227272727273,1.02897674606053
1440,8696,20516,2805,8770,4647,6776,3875,7380,4515,4713,2778,1120,6114,123,198,24844,26378,0.42386430103334,0.319840364880274,0.685802833530106,0.621212121212121,0.941845477291682
1441,8457,20083,2373,6955,4559,6702,4338,7566,4169,5047,2702,986,7286,141,206,23846,25085,0.421102424936513,0.341193386053199,0.680244703073709,0.684466019417476,0.950607933027706
1442,7015,16432,1796,5096,4326,6347,2955,7129,3889,4605,1905,832,5990,102,226,20152,22175,0.426910905550146,0.35243328100471,0.681581849692768,0.451327433628319,0.908771138669673
1443,9475,21117,2641,7412,5303,7783,4766,8565,4718,5410,2402,1221,7135,237,135,26894,25533,0.448690628403656,0.356314085267134,0.68135680328922,1.75555555555556,1.0533035679317
1444,8707,20111,2294,6682,6084,8536,4525,8817,4496,5217,2319,990,7182,211,160,25792,24932,0.432947143354383,0.343310386111943,0.712746016869728,1.31875,1.0344938231991
1445,2242,5924,564,1941,1237,2059,1291,2235,1082,1804,792,281,2103,26,81,6285,7618,0.37846049966239,0.290571870170015,0.600777076250607,0.320987654320988,0.825019690207404
1446,0,0,0,0,0,0,0,0,0,0,0,0,0,0,0,0,0,NA,NA,NA,NA,NA
1447,8685,20033,2217,6413,4943,7299,4261,8653,4658,5324,2365,1360,6911,187,171,24530,24704,0.433534667798133,0.345704038671449,0.677216056994109,1.09356725146199,0.992956606217617
1448,9425,20831,2164,6178,6241,9037,4458,9161,4838,5435,2542,1622,6996,212,156,27255,26435,0.452450674475541,0.350275169957915,0.69060528936594,1.35897435897436,1.03101948174768
1449,10582,23114,2292,6472,5820,8389,5220,8991,5559,5268,2533,1262,7535,242,135,29276,27019,0.457817772778403,0.354140914709518,0.693765645488139,1.79259259259259,1.08353380954143
1450,8210,18890,2295,6563,4562,6464,3427,8151,4605,4537,2077,1212,6201,178,182,23277,22757,0.434621492853362,0.349687642846259,0.70575495049505,0.978021978021978,1.02285011205343
1451,8005,17469,2272,6067,5454,7463,3171,8066,4277,4512,1842,884,6294,207,130,23736,22797,0.458240311408781,0.374484918411076,0.730805306177141,1.59230769230769,1.0411896302145
1452,9293,21245,2765,8045,5165,7387,4519,8295,5670,4360,2571,1439,6428,232,142,26516,24583,0.437420569545775,0.343691733996271,0.699201299580344,1.63380281690141,1.07863157466542
1453,8327,18956,2079,5657,5181,7022,3809,8054,4405,4657,2039,1175,6544,191,162,23914,23821,0.439280438911163,0.367509280537387,0.737823981771575,1.17901234567901,1.00390411821502
1454,8553,20199,2636,7773,5348,7820,4282,8506,4713,4999,2201,1040,6832,203,159,25090,24832,0.423436803802168,0.339122603885244,0.683887468030691,1.27672955974843,1.01038981958763
1455,9066,20054,2491,7032,5507,7640,4297,9318,5370,4937,2252,1199,6756,256,118,26130,23652,0.452079385658721,0.354237770193402,0.720811518324607,2.16949152542373,1.10476915271436
1456,8023,18682,2486,7358,4723,6773,3538,8286,4765,4838,1952,851,6087,141,216,23255,24462,0.42945080826464,0.337863549877684,0.697327624390964,0.652777777777778,0.950658163682446
1457,8089,18993,2101,6234,4559,6859,4030,8017,4239,4579,2546,1211,6379,197,148,22838,22146,0.425893750329069,0.33702277831248,0.664674150750838,1.33108108108108,1.03124717781992
1458,8990,20235,2598,7249,5247,7372,4044,8845,4893,3795,2102,1216,5750,283,96,25825,22008,0.444279713367927,0.358394261277418,0.711747151383614,2.94791666666667,1.17343693202472
1459,8149,18624,2285,6503,4394,6508,3603,7532,4539,4406,2248,787,6090,159,181,22977,23413,0.437553694158076,0.351376287867138,0.675169022741242,0.878453038674033,0.981377866996967
1460,8091,18565,2123,6106,4956,7006,3376,7827,4283,4612,2138,677,6759,201,164,23261,22916,0.435820091570159,0.347690795938421,0.707393662574936,1.22560975609756,1.0150549834177
1461,8071,18263,1915,5930,5819,8377,3455,8441,4103,4996,2065,1420,6546,168,184,23876,24139,0.441931774626294,0.322934232715008,0.694640085949624,0.91304347826087,0.989104768217408
1462,9522,20625,2459,6685,6215,8713,4345,9466,5443,4959,2243,1325,6769,269,111,27718,24616,0.461672727272727,0.367838444278235,0.713301962584644,2.42342342342342,1.12601559961001
1463,7508,17234,1741,5224,4909,7020,3438,7695,4283,4834,2136,1100,6123,155,172,21666,22071,0.435650458396194,0.333269525267994,0.699287749287749,0.901162790697674,0.981650129128721
1464,7791,18406,2012,5921,4478,6669,3574,7458,4267,4539,2014,1205,6373,104,231,22072,23915,0.423285885037488,0.339807464955244,0.671464987254461,0.45021645021645,0.922935396194857
